-- PLANIFY SAMPLE DATA SQL
-- This file contains INSERT statements for sample/dummy data


-- USERS DATA

INSERT INTO "user" (id, first_name, last_name, username, email, contact_number, password, role) VALUES
(1, 'Admin', 'User', 'admin', 'admin@example.com', '09123456789', 'Admin123', 'admin'),
(2, 'Jane', 'Smith', 'educator1', 'educator1@example.com', '09222222222', 'Educator123', 'educator'),
(3, 'Elaine', 'Villanueva', 'evillanueva', 'evillanueva@example.com', '09333333333', 'villanueva123', 'educator'),
(4, 'Roland', 'Santos', 'rsantos', 'rsantos@example.com', '09444444444', 'rsantos123', 'educator'),
(5, 'Patricia', 'Cruz', 'pcruz', 'pcruz@example.com', '09555555555', 'pcruz123', 'educator'),
(6, 'John', 'Doe', 'student1', 'student1@example.com', '09111111111', 'Student123', 'student'),
(7, 'Alfred', 'Torres', 'atorres', 'atorres@example.com', '09666666666', 'atorres123', 'student'),
(8, 'Bianca', 'Mendoza', 'bmendoza', 'bmendoza@example.com', '09777777777', 'bmendoza123', 'student'),
(9, 'Cedric', 'Gonzales', 'cgonzales', 'cgonzales@example.com', '09888888888', 'cgonzales123', 'student'),
(10, 'Danica', 'Flores', 'dflores', 'dflores@example.com', '09999999999', 'dflores123', 'student'),
(11, 'Ethan', 'Navarro', 'enavarro', 'enavarro@example.com', '09122222222', 'enavarro123', 'student'),
(12, 'Fiona', 'Salazar', 'fsalazar', 'fsalazar@example.com', '09133333333', 'fsalazar123', 'student'),
(13, 'Gabriel', 'David', 'gdavid', 'gdavid@example.com', '09144444444', 'gdavid123', 'student'),
(14, 'Hannah', 'Ocampo', 'hocampo', 'hocampo@example.com', '09155555555', 'hocampo123', 'student'),
(15, 'Ian', 'Perez', 'iperez', 'iperez@example.com', '09166666666', 'iperez123', 'student'),
(16, 'Jasmine', 'Ramos', 'jramos', 'jramos@example.com', '09177777777', 'jramos123', 'student'),
(17, 'Kyle', 'Bautista', 'kbautista', 'kbautista@example.com', '09188888888', 'kbautista123', 'student'),
(18, 'Lara', 'Domingo', 'ldomingo', 'ldomingo@example.com', '09199999999', 'ldomingo123', 'student'),
(19, 'Marcus', 'Jimenez', 'mjimenez', 'mjimenez@example.com', '09112222222', 'mjimenez123', 'student'),
(20, 'Nicole', 'Padilla', 'npadilla', 'npadilla@example.com', '09113333333', 'npadilla123', 'student'),
(21, 'Oscar', 'Valdez', 'ovaldez', 'ovaldez@example.com', '09114444444', 'ovaldez123', 'student'),
(22, 'Paula', 'Marasigan', 'pmarasigan', 'pmarasigan@example.com', '09115555555', 'pmarasigan123', 'student'),
(23, 'Quentin', 'Abadilla', 'qabadilla', 'qabadilla@example.com', '09116666666', 'qabadilla123', 'student'),
(24, 'Rhea', 'Lagman', 'rlagman', 'rlagman@example.com', '09117777777', 'rlagman123', 'student'),
(25, 'Samuel', 'Fernandez', 'sfernandez', 'sfernandez@example.com', '09118888888', 'sfernandez123', 'student'),
(26, 'Trixie', 'Gutierrez', 'tgutierrez', 'tgutierrez@example.com', '09119999999', 'tgutierrez123', 'student');


-- COURSES DATA

INSERT INTO course (id, course_name, course_code, block_section, description, educator_id, created_at, enrollment_code) VALUES
(1, 'Introduction to Programming', 'CS101', 'BSIT 2101', 'Learn the fundamentals of programming using Python', 2, '2025-09-15 14:05:08.181116', 'ABC12345'),
(2, 'Data Structures', 'CS201', 'BSIT 2102', 'Advanced data structures and algorithms', 2, '2025-10-01 14:05:08.182116', 'DEF67890'),
(3, 'Web Development', 'CS301', 'BSIT 3101', 'Building modern web applications', 2, '2025-09-20 14:05:08.182116', 'GHI23456'),
(4, 'Database Management', 'IT211', 'BSIT 2201', 'Database design and SQL programming', 3, '2025-10-10 14:05:08.182116', 'JKL78901'),
(5, 'Network Administration', 'IT311', 'BSIT 3201', 'Computer networking fundamentals', 3, '2025-09-25 14:05:08.182116', 'MNO34567'),
(6, 'Cybersecurity Basics', 'IT411', 'BSIT 4201', 'Introduction to information security', 3, '2025-10-15 14:05:08.183112', 'PQR89012'),
(7, 'Mobile App Development', 'CS401', 'BSCS 4101', 'Android and iOS development', 4, '2025-09-30 14:05:08.183112', 'STU45678'),
(8, 'Software Engineering', 'CS402', 'BSCS 4102', 'Software development lifecycle', 4, '2025-10-05 14:05:08.183112', 'VWX90123'),
(9, 'Artificial Intelligence', 'CS501', 'BSCS 5101', 'Machine learning and AI fundamentals', 5, '2025-10-20 14:05:08.183112', 'YZA56789'),
(10, 'Computer Graphics', 'CS502', 'BSCS 5102', '2D and 3D graphics programming', 5, '2025-09-28 14:05:08.183112', 'BCD01234');

-- ENROLLMENTS DATA

INSERT INTO enrollment (id, student_id, course_id, enrolled_at) VALUES
(1, 6, 1, '2025-11-17 14:05:08.181116'),
(2, 6, 2, '2025-09-22 14:05:08.182116'),
(3, 6, 3, '2025-11-13 14:05:08.182116'),
(4, 6, 4, '2025-10-14 14:05:08.182116'),
(5, 6, 5, '2025-09-22 14:05:08.182116'),
(6, 6, 6, '2025-10-15 14:05:08.182116'),
(7, 6, 7, '2025-11-11 14:05:08.182116'),
(8, 6, 8, '2025-10-22 14:05:08.182116'),
(9, 6, 9, '2025-10-11 14:05:08.182116'),
(10, 6, 10, '2025-11-10 14:05:08.182116'),
(11, 7, 1, '2025-10-17 14:05:08.182116'),
(12, 7, 2, '2025-09-27 14:05:08.182116'),
(13, 7, 3, '2025-11-05 14:05:08.182116'),
(14, 7, 4, '2025-10-19 14:05:08.182116'),
(15, 7, 5, '2025-10-26 14:05:08.182116'),
(16, 7, 6, '2025-11-14 14:05:08.182116'),
(17, 7, 7, '2025-11-07 14:05:08.182116'),
(18, 7, 8, '2025-09-23 14:05:08.182116'),
(19, 7, 9, '2025-11-17 14:05:08.182116'),
(20, 7, 10, '2025-09-24 14:05:08.182116'),
(21, 8, 1, '2025-10-22 14:05:08.182116'),
(22, 8, 2, '2025-10-03 14:05:08.182116'),
(23, 8, 3, '2025-10-12 14:05:08.182116'),
(24, 8, 4, '2025-09-29 14:05:08.182116'),
(25, 8, 5, '2025-10-03 14:05:08.182116'),
(26, 8, 6, '2025-11-08 14:05:08.183112'),
(27, 8, 7, '2025-10-11 14:05:08.183112'),
(28, 8, 8, '2025-11-16 14:05:08.183112'),
(29, 8, 9, '2025-10-22 14:05:08.183112'),
(30, 8, 10, '2025-11-16 14:05:08.183112'),
(31, 9, 1, '2025-11-02 14:05:08.183112'),
(32, 9, 2, '2025-10-17 14:05:08.183112'),
(33, 9, 3, '2025-10-15 14:05:08.183112'),
(34, 9, 4, '2025-11-03 14:05:08.183112'),
(35, 9, 5, '2025-10-17 14:05:08.183112'),
(36, 9, 6, '2025-11-09 14:05:08.183112'),
(37, 9, 7, '2025-11-18 14:05:08.183112'),
(38, 9, 8, '2025-11-12 14:05:08.183112'),
(39, 9, 9, '2025-09-19 14:05:08.183112'),
(40, 9, 10, '2025-10-19 14:05:08.183112'),
(41, 10, 1, '2025-10-06 14:05:08.183112'),
(42, 10, 2, '2025-10-19 14:05:08.183112'),
(43, 10, 3, '2025-10-29 14:05:08.183112'),
(44, 10, 4, '2025-11-02 14:05:08.183112'),
(45, 10, 5, '2025-11-07 14:05:08.183112'),
(46, 10, 6, '2025-09-22 14:05:08.183112'),
(47, 10, 7, '2025-09-21 14:05:08.183112'),
(48, 10, 8, '2025-10-26 14:05:08.183112'),
(49, 10, 9, '2025-10-20 14:05:08.183112'),
(50, 10, 10, '2025-11-02 14:05:08.183112'),
(51, 11, 1, '2025-10-20 14:05:08.183112'),
(52, 11, 2, '2025-09-22 14:05:08.183112'),
(53, 11, 3, '2025-11-09 14:05:08.183112'),
(54, 11, 4, '2025-10-24 14:05:08.184111'),
(55, 11, 5, '2025-09-20 14:05:08.184111'),
(56, 11, 6, '2025-10-03 14:05:08.184111'),
(57, 11, 7, '2025-10-29 14:05:08.184111'),
(58, 11, 8, '2025-10-29 14:05:08.184111'),
(59, 11, 9, '2025-11-04 14:05:08.184111'),
(60, 11, 10, '2025-10-16 14:05:08.184111'),
(61, 12, 1, '2025-10-10 14:05:08.184111'),
(62, 12, 2, '2025-10-20 14:05:08.184111'),
(63, 12, 3, '2025-10-24 14:05:08.184111'),
(64, 12, 4, '2025-10-22 14:05:08.184111'),
(65, 12, 5, '2025-09-23 14:05:08.184111'),
(66, 12, 6, '2025-11-16 14:05:08.185117'),
(67, 12, 7, '2025-10-05 14:05:08.185117'),
(68, 12, 8, '2025-09-19 14:05:08.185117'),
(69, 12, 9, '2025-11-17 14:05:08.185117'),
(70, 12, 10, '2025-11-16 14:05:08.185117'),
(71, 13, 1, '2025-10-11 14:05:08.185117'),
(72, 13, 2, '2025-11-04 14:05:08.185117'),
(73, 13, 3, '2025-11-07 14:05:08.185117'),
(74, 13, 4, '2025-10-03 14:05:08.185117'),
(75, 13, 5, '2025-10-05 14:05:08.185117'),
(76, 13, 6, '2025-11-15 14:05:08.185117'),
(77, 13, 7, '2025-10-13 14:05:08.185117'),
(78, 13, 8, '2025-10-26 14:05:08.185117'),
(79, 13, 9, '2025-11-15 14:05:08.185117'),
(80, 13, 10, '2025-11-14 14:05:08.185117'),
(81, 14, 1, '2025-10-05 14:05:08.185117'),
(82, 14, 2, '2025-09-25 14:05:08.186114'),
(83, 14, 3, '2025-09-23 14:05:08.186114'),
(84, 14, 4, '2025-10-10 14:05:08.186114'),
(85, 14, 5, '2025-10-16 14:05:08.186114'),
(86, 14, 6, '2025-11-10 14:05:08.186114'),
(87, 14, 7, '2025-11-05 14:05:08.186114'),
(88, 14, 8, '2025-11-02 14:05:08.186114'),
(89, 14, 9, '2025-10-29 14:05:08.186114'),
(90, 14, 10, '2025-10-23 14:05:08.186114'),
(91, 15, 1, '2025-11-06 14:05:08.186114'),
(92, 15, 2, '2025-10-01 14:05:08.186114'),
(93, 15, 3, '2025-09-25 14:05:08.186114'),
(94, 15, 4, '2025-11-15 14:05:08.186114'),
(95, 15, 5, '2025-11-11 14:05:08.186114'),
(96, 15, 6, '2025-11-10 14:05:08.186114'),
(97, 15, 7, '2025-10-05 14:05:08.186114'),
(98, 15, 8, '2025-10-29 14:05:08.186114'),
(99, 15, 9, '2025-10-18 14:05:08.186114'),
(100, 15, 10, '2025-11-06 14:05:08.186114'),
(101, 16, 1, '2025-10-24 14:05:08.187113'),
(102, 16, 2, '2025-10-15 14:05:08.187113'),
(103, 16, 3, '2025-11-13 14:05:08.187113'),
(104, 16, 4, '2025-10-05 14:05:08.187113'),
(105, 16, 5, '2025-10-14 14:05:08.187113'),
(106, 16, 6, '2025-10-17 14:05:08.187113'),
(107, 16, 7, '2025-10-21 14:05:08.187113'),
(108, 16, 8, '2025-10-27 14:05:08.187113'),
(109, 16, 9, '2025-10-20 14:05:08.187113'),
(110, 16, 10, '2025-10-27 14:05:08.187113'),
(111, 17, 1, '2025-10-05 14:05:08.187113'),
(112, 17, 2, '2025-10-06 14:05:08.187113'),
(113, 17, 3, '2025-09-27 14:05:08.187113'),
(114, 17, 4, '2025-09-27 14:05:08.187113'),
(115, 17, 5, '2025-11-14 14:05:08.187113'),
(116, 17, 6, '2025-09-28 14:05:08.187113'),
(117, 17, 7, '2025-10-07 14:05:08.187113'),
(118, 17, 8, '2025-10-28 14:05:08.187113'),
(119, 17, 9, '2025-11-13 14:05:08.187113'),
(120, 17, 10, '2025-09-26 14:05:08.187113'),
(121, 18, 1, '2025-11-10 14:05:08.187113'),
(122, 18, 2, '2025-10-26 14:05:08.188114'),
(123, 18, 3, '2025-10-24 14:05:08.188114'),
(124, 18, 4, '2025-10-10 14:05:08.188114'),
(125, 18, 5, '2025-09-29 14:05:08.188114'),
(126, 18, 6, '2025-10-29 14:05:08.188114'),
(127, 18, 7, '2025-10-15 14:05:08.188114'),
(128, 18, 8, '2025-11-01 14:05:08.188114'),
(129, 18, 9, '2025-09-28 14:05:08.188114'),
(130, 18, 10, '2025-10-05 14:05:08.188114'),
(131, 19, 1, '2025-10-22 14:05:08.188114'),
(132, 19, 2, '2025-10-25 14:05:08.188114'),
(133, 19, 3, '2025-09-24 14:05:08.188114'),
(134, 19, 4, '2025-10-02 14:05:08.188114'),
(135, 19, 5, '2025-10-17 14:05:08.188114'),
(136, 19, 6, '2025-10-27 14:05:08.188114'),
(137, 19, 7, '2025-11-16 14:05:08.188114'),
(138, 19, 8, '2025-10-11 14:05:08.188114'),
(139, 19, 9, '2025-10-28 14:05:08.188114'),
(140, 19, 10, '2025-09-27 14:05:08.188114'),
(141, 20, 1, '2025-09-20 14:05:08.188114'),
(142, 20, 2, '2025-10-05 14:05:08.189114'),
(143, 20, 3, '2025-11-16 14:05:08.189114'),
(144, 20, 4, '2025-11-07 14:05:08.189114'),
(145, 20, 5, '2025-11-07 14:05:08.189114'),
(146, 20, 6, '2025-11-15 14:05:08.189114'),
(147, 20, 7, '2025-09-25 14:05:08.189114'),
(148, 20, 8, '2025-11-09 14:05:08.189114'),
(149, 20, 9, '2025-10-20 14:05:08.189114'),
(150, 20, 10, '2025-10-18 14:05:08.189114'),
(151, 21, 1, '2025-11-14 14:05:08.189114'),
(152, 21, 2, '2025-11-16 14:05:08.189114'),
(153, 21, 3, '2025-10-10 14:05:08.189114'),
(154, 21, 4, '2025-11-04 14:05:08.189114'),
(155, 21, 5, '2025-11-14 14:05:08.189114'),
(156, 21, 6, '2025-11-11 14:05:08.189114'),
(157, 21, 7, '2025-10-01 14:05:08.189114'),
(158, 21, 8, '2025-10-25 14:05:08.189114'),
(159, 21, 9, '2025-09-28 14:05:08.189114'),
(160, 21, 10, '2025-11-12 14:05:08.189114'),
(161, 22, 1, '2025-10-10 14:05:08.189114'),
(162, 22, 2, '2025-10-31 14:05:08.189114'),
(163, 22, 3, '2025-10-27 14:05:08.189114'),
(164, 22, 4, '2025-10-23 14:05:08.189114'),
(165, 22, 5, '2025-09-24 14:05:08.189114'),
(166, 22, 6, '2025-11-11 14:05:08.189114'),
(167, 22, 7, '2025-09-19 14:05:08.189114'),
(168, 22, 8, '2025-10-06 14:05:08.190119'),
(169, 22, 9, '2025-11-10 14:05:08.190119'),
(170, 22, 10, '2025-11-15 14:05:08.190119'),
(171, 23, 1, '2025-11-17 14:05:08.190119'),
(172, 23, 2, '2025-09-29 14:05:08.190119'),
(173, 23, 3, '2025-09-20 14:05:08.190119'),
(174, 23, 4, '2025-10-12 14:05:08.190119'),
(175, 23, 5, '2025-10-15 14:05:08.190119'),
(176, 23, 6, '2025-09-27 14:05:08.190119'),
(177, 23, 7, '2025-09-30 14:05:08.190119'),
(178, 23, 8, '2025-10-01 14:05:08.190119'),
(179, 23, 9, '2025-10-27 14:05:08.190119'),
(180, 23, 10, '2025-10-11 14:05:08.190119'),
(181, 24, 1, '2025-10-26 14:05:08.190119'),
(182, 24, 2, '2025-11-07 14:05:08.190119'),
(183, 24, 3, '2025-11-15 14:05:08.190119'),
(184, 24, 4, '2025-10-31 14:05:08.190119'),
(185, 24, 5, '2025-10-29 14:05:08.190119'),
(186, 24, 6, '2025-10-25 14:05:08.190119'),
(187, 24, 7, '2025-10-28 14:05:08.190119'),
(188, 24, 8, '2025-10-12 14:05:08.190119'),
(189, 24, 9, '2025-10-28 14:05:08.190119'),
(190, 24, 10, '2025-10-30 14:05:08.190119'),
(191, 25, 1, '2025-09-28 14:05:08.190119'),
(192, 25, 2, '2025-09-25 14:05:08.190119'),
(193, 25, 3, '2025-10-12 14:05:08.191117'),
(194, 25, 4, '2025-11-08 14:05:08.191117'),
(195, 25, 5, '2025-09-23 14:05:08.191117'),
(196, 25, 6, '2025-11-03 14:05:08.191117'),
(197, 25, 7, '2025-10-07 14:05:08.191117'),
(198, 25, 8, '2025-09-21 14:05:08.191117'),
(199, 25, 9, '2025-09-20 14:05:08.191117'),
(200, 25, 10, '2025-11-11 14:05:08.191117'),
(201, 26, 1, '2025-11-18 14:05:08.191117'),
(202, 26, 2, '2025-10-04 14:05:08.191117'),
(203, 26, 3, '2025-09-29 14:05:08.191117'),
(204, 26, 4, '2025-10-19 14:05:08.191117'),
(205, 26, 5, '2025-09-20 14:05:08.191117'),
(206, 26, 6, '2025-10-31 14:05:08.191117'),
(207, 26, 7, '2025-11-09 14:05:08.191117'),
(208, 26, 8, '2025-10-03 14:05:08.191117'),
(209, 26, 9, '2025-10-27 14:05:08.191117'),
(210, 26, 10, '2025-09-25 14:05:08.191117');


-- LESSON PLANS DATA

INSERT INTO lesson_plan (id, title, course_id, educator_id, objectives, topic, description, created_at, updated_at) VALUES
(1, 'Introduction to Python Basics', 1, 2, 'Understand variables, data types, and basic operations in Python', 'Variables and Data Types', 'This lesson covers variables and data types in detail with practical examples.', '2025-10-01 14:05:08', '2025-11-25 14:05:08'),
(2, 'Control Structures in Programming', 2, 2, 'Master conditional statements and iteration', 'If-Else and Loops', 'This lesson covers if-else and loops in detail with practical examples.', '2025-10-05 14:05:08', '2025-11-28 14:05:08'),
(3, 'Functions and Modules', 3, 2, 'Learn to create and use functions effectively', 'Code Reusability', 'This lesson covers code reusability in detail with practical examples.', '2025-10-10 14:05:08', '2025-11-30 14:05:08'),
(4, 'Object-Oriented Programming', 1, 2, 'Understand OOP principles and implementation', 'Classes and Objects', 'This lesson covers classes and objects in detail with practical examples.', '2025-10-15 14:05:08', '2025-12-01 14:05:08'),
(5, 'Arrays and Lists', 2, 2, 'Work with arrays and list operations', 'Linear Data Structures', 'This lesson covers linear data structures in detail with practical examples.', '2025-10-20 14:05:08', '2025-12-02 14:05:08'),
(6, 'Linked Lists Implementation', 3, 2, 'Implement singly and doubly linked lists', 'Dynamic Data Structures', 'This lesson covers dynamic data structures in detail with practical examples.', '2025-10-25 14:05:08', '2025-12-03 14:05:08'),
(7, 'Stack and Queue Operations', 4, 3, 'Master stack and queue implementations', 'LIFO and FIFO Structures', 'This lesson covers lifo and fifo structures in detail with practical examples.', '2025-10-30 14:05:08', '2025-12-04 14:05:08'),
(8, 'Trees and Graph Basics', 5, 3, 'Understand tree and graph traversals', 'Non-linear Structures', 'This lesson covers non-linear structures in detail with practical examples.', '2025-11-01 14:05:08', '2025-12-05 14:05:08'),
(9, 'HTML Fundamentals', 6, 3, 'Create semantic HTML documents', 'Web Page Structure', 'This lesson covers web page structure in detail with practical examples.', '2025-11-05 14:05:08', '2025-12-06 14:05:08'),
(10, 'CSS Styling Techniques', 7, 4, 'Style web pages using CSS', 'Web Design', 'This lesson covers web design in detail with practical examples.', '2025-11-08 14:05:08', '2025-12-07 14:05:08'),
(11, 'JavaScript Essentials', 8, 4, 'Add interactivity to web pages', 'Client-Side Programming', 'This lesson covers client-side programming in detail with practical examples.', '2025-11-10 14:05:08', '2025-12-08 14:05:08'),
(12, 'Relational Database Design', 9, 5, 'Design efficient database schemas', 'ER Diagrams and Normalization', 'This lesson covers er diagrams and normalization in detail with practical examples.', '2025-11-12 14:05:08', '2025-12-09 14:05:08'),
(13, 'SQL Query Writing', 10, 5, 'Write complex SQL queries', 'Data Manipulation', 'This lesson covers data manipulation in detail with practical examples.', '2025-11-14 14:05:08', '2025-12-10 14:05:08'),
(14, 'Network Protocols', 4, 3, 'Understand network communication', 'TCP/IP and OSI Model', 'This lesson covers tcp/ip and osi model in detail with practical examples.', '2025-11-16 14:05:08', '2025-12-11 14:05:08'),
(15, 'Firewall Configuration', 5, 3, 'Configure and manage firewalls', 'Network Security', 'This lesson covers network security in detail with practical examples.', '2025-11-18 14:05:08', '2025-12-01 14:05:08'),
(16, 'Android Development Setup', 6, 3, 'Set up Android Studio and create first app', 'Development Environment', 'This lesson covers development environment in detail with practical examples.', '2025-11-20 14:05:08', '2025-12-02 14:05:08'),
(17, 'iOS Development Basics', 7, 4, 'Learn Swift and iOS app structure', 'Swift Programming', 'This lesson covers swift programming in detail with practical examples.', '2025-11-22 14:05:08', '2025-12-03 14:05:08'),
(18, 'Agile Methodology', 8, 4, 'Implement agile practices in projects', 'Software Development Process', 'This lesson covers software development process in detail with practical examples.', '2025-11-24 14:05:08', '2025-12-04 14:05:08'),
(19, 'Machine Learning Algorithms', 9, 5, 'Understand regression and classification', 'Supervised Learning', 'This lesson covers supervised learning in detail with practical examples.', '2025-11-26 14:05:08', '2025-12-05 14:05:08'),
(20, 'Neural Networks', 10, 5, 'Build simple neural networks', 'Deep Learning Basics', 'This lesson covers deep learning basics in detail with practical examples.', '2025-11-28 14:05:08', '2025-12-06 14:05:08');


-- LEARNING MATERIALS DATA

INSERT INTO learning_material (id, lesson_plan_id, filename, filepath, uploaded_at) VALUES
(32, 21, 'Basic_Structure_and_Elements_of_HTML.pdf', 'static/uploads/20251211_202400_Basic_Structure_and_Elements_of_HTML.pdf', '2025-12-11 12:24:00.489744'),
(35, 17, 'Swift_Programming.pdf', 'static/uploads/20251211_213752_Swift_Programming.pdf', '2025-12-11 13:37:52.103174'),
(36, 7, 'LIFO_FIFO_Structures.pdf', 'static/uploads/20251211_213822_LIFO_FIFO_Structures.pdf', '2025-12-11 13:38:22.140665'),
(37, 18, 'Software_Development_Process.pdf', 'static/uploads/20251211_213904_Software_Development_Process.pdf', '2025-12-11 13:39:04.362856'),
(38, 8, 'Non_Linear_Structures.pdf', 'static/uploads/20251211_214007_Non_Linear_Structures.pdf', '2025-12-11 13:40:07.184620'),
(39, 9, 'Web_Page_Structure.pdf', 'static/uploads/20251211_215052_Web_Page_Structure.pdf', '2025-12-11 13:50:52.996754'),
(40, 19, 'Supervised_Learning.pdf', 'static/uploads/20251211_215132_Supervised_Learning.pdf', '2025-12-11 13:51:32.543797'),
(41, 10, 'Web_Design.pdf', 'static/uploads/20251211_215223_Web_Design.pdf', '2025-12-11 13:52:23.626875'),
(42, 20, 'Deep_Learning_Basics.pdf', 'static/uploads/20251211_215247_Deep_Learning_Basics.pdf', '2025-12-11 13:52:47.507311'),
(43, 4, 'Classes_and_Objects.pdf', 'static/uploads/20251211_215911_Classes_and_Objects.pdf', '2025-12-11 13:59:11.861917'),
(44, 14, 'TCP_IP_and_OSI_Model.pdf', 'static/uploads/20251211_215926_TCP_IP_and_OSI_Model.pdf', '2025-12-11 13:59:26.938954'),
(45, 5, 'Linear_Data_Structures.pdf', 'static/uploads/20251211_215948_Linear_Data_Structures.pdf', '2025-12-11 13:59:48.161761'),
(46, 15, 'Network_Security.pdf', 'static/uploads/20251211_220012_Network_Security.pdf', '2025-12-11 14:00:12.780997'),
(47, 6, 'Dynamic_Data_Structures.pdf', 'static/uploads/20251211_220034_Dynamic_Data_Structures.pdf', '2025-12-11 14:00:34.745588'),
(48, 16, 'Development_Environment.pdf', 'static/uploads/20251211_220044_Development_Environment.pdf', '2025-12-11 14:00:44.911499'),
(49, 1, 'Variables_and_Data_Types.pdf', 'static/uploads/20251211_230325_Variables_and_Data_Types.pdf', '2025-12-11 15:03:25.915697'),
(50, 11, 'Client-Side_Programming.pdf', 'static/uploads/20251211_230342_Client-Side_Programming.pdf', '2025-12-11 15:03:42.937674'),
(51, 2, 'If-Else_and_Loops.pdf', 'static/uploads/20251211_230438_If-Else_and_Loops.pdf', '2025-12-11 15:04:38.752209'),
(52, 12, 'ER_Diagrams_and_Normalization.pdf', 'static/uploads/20251211_230459_ER_Diagrams_and_Normalization.pdf', '2025-12-11 15:04:59.586078'),
(53, 3, 'Code_Reusability.pdf', 'static/uploads/20251211_230519_Code_Reusability.pdf', '2025-12-11 15:05:19.184756'),
(54, 13, 'Data_Manipulation.pdf', 'static/uploads/20251211_230533_Data_Manipulation.pdf', '2025-12-11 15:05:33.567027');


-- ATTENDANCE RECORDS DATA (Sample)
-- Full dataset would contain 4200 records

-- Sample attendance records for Nov 23, 2025 (Course 1)
INSERT INTO attendance_record (id, course_id, student_id, date, status, recorded_by, recorded_at) VALUES
(1, 1, 6, '2025-11-23', 'present', 2, '2025-11-23 09:04:00'),
(2, 1, 7, '2025-11-23', 'late', 2, '2025-11-23 09:12:00'),
(3, 1, 8, '2025-11-23', 'present', 2, '2025-11-23 09:08:00'),
(4, 1, 9, '2025-11-23', 'late', 2, '2025-11-23 09:07:00'),
(5, 1, 10, '2025-11-23', 'present', 2, '2025-11-23 09:09:00'),
(6, 1, 11, '2025-11-23', 'present', 2, '2025-11-23 09:17:00'),
(7, 1, 12, '2025-11-23', 'present', 2, '2025-11-23 09:17:00'),
(8, 1, 13, '2025-11-23', 'excused', 2, '2025-11-23 09:26:00'),
(9, 1, 14, '2025-11-23', 'present', 2, '2025-11-23 09:15:00'),
(10, 1, 15, '2025-11-23', 'present', 2, '2025-11-23 09:12:00'),
(11, 1, 16, '2025-11-23', 'present', 2, '2025-11-23 09:29:00'),
(12, 1, 17, '2025-11-23', 'late', 2, '2025-11-23 09:13:00'),
(13, 1, 18, '2025-11-23', 'present', 2, '2025-11-23 09:30:00'),
(14, 1, 19, '2025-11-23', 'late', 2, '2025-11-23 09:01:00'),
(15, 1, 20, '2025-11-23', 'excused', 2, '2025-11-23 09:02:00'),
(16, 1, 21, '2025-11-23', 'present', 2, '2025-11-23 09:12:00'),
(17, 1, 22, '2025-11-23', 'present', 2, '2025-11-23 09:24:00'),
(18, 1, 23, '2025-11-23', 'present', 2, '2025-11-23 09:25:00'),
(19, 1, 24, '2025-11-23', 'late', 2, '2025-11-23 09:12:00'),
(20, 1, 25, '2025-11-23', 'present', 2, '2025-11-23 09:26:00'),
(21, 1, 26, '2025-11-23', 'present', 2, '2025-11-23 09:00:00');


-- CONTACT MESSAGES DATA

INSERT INTO contact_message (id, name, email, message, created_at, is_read) VALUES
(1, 'Maria Garcia', 'maria.garcia@email.com', 'I''m interested in enrolling in your programming courses.', '2025-11-15 10:00:00', TRUE),
(2, 'Robert Lee', 'robert.lee@email.com', 'How can I reset my password?', '2025-11-18 11:30:00', TRUE),
(3, 'Sarah Johnson', 'sarah.j@email.com', 'Are there any scholarship opportunities?', '2025-11-20 14:15:00', TRUE),
(4, 'David Kim', 'david.kim@email.com', 'I would like to report a technical issue.', '2025-11-22 09:45:00', TRUE),
(5, 'Emily Chen', 'emily.chen@email.com', 'Can you recommend which course is best for beginners?', '2025-11-25 16:20:00', TRUE),
(6, 'Michael Brown', 'm.brown@email.com', 'Is there a mobile app version?', '2025-11-27 10:10:00', FALSE),
(7, 'Jessica White', 'j.white@email.com', 'How do I view my attendance history?', '2025-11-28 13:30:00', FALSE),
(8, 'Christopher Davis', 'c.davis@email.com', 'I''m having trouble downloading materials.', '2025-11-29 15:45:00', FALSE),
(9, 'Amanda Martinez', 'amanda.m@email.com', 'What are the system requirements?', '2025-11-30 11:00:00', FALSE),
(10, 'Daniel Wilson', 'd.wilson@email.com', 'Can I enroll in multiple courses?', '2025-12-01 09:20:00', FALSE),
(11, 'Lisa Anderson', 'lisa.a@email.com', 'How do I contact my instructor?', '2025-12-02 14:30:00', TRUE),
(12, 'James Taylor', 'james.t@email.com', 'Is there a deadline for enrollment?', '2025-12-03 10:45:00', TRUE),
(13, 'Jennifer Thomas', 'j.thomas@email.com', 'I need help understanding the grading system.', '2025-12-04 16:15:00', TRUE),
(14, 'Matthew Jackson', 'matt.j@email.com', 'Are the courses self-paced?', '2025-12-05 12:00:00', TRUE),
(15, 'Ashley Moore', 'ashley.m@email.com', 'Can I get a certificate upon completion?', '2025-12-06 09:30:00', TRUE),
(16, 'Joshua Martin', 'josh.m@email.com', 'The platform is running slow.', '2025-12-07 11:45:00', FALSE),
(17, 'Stephanie Lee', 'steph.lee@email.com', 'How can I update my profile?', '2025-12-08 15:20:00', FALSE),
(18, 'Andrew Harris', 'a.harris@email.com', 'I accidentally unenrolled from a course.', '2025-12-09 10:00:00', FALSE),
(19, 'Michelle Clark', 'm.clark@email.com', 'Are there any prerequisites for advanced courses?', '2025-12-10 13:45:00', FALSE),
(20, 'Kevin Rodriguez', 'k.rodriguez@email.com', 'Thank you for this excellent platform!', '2025-12-11 16:30:00', FALSE);

